episode,reward
0,1.7271863470120739
1,4.172520207548033
2,4.567975296691173
3,2.1069949765085507
4,4.101348844796259
5,4.506421611453053
6,3.1060803334184435
7,2.259409592034367
8,4.14026583296651
9,4.567975296691173
