episode,reward
0,4.8863736792621255
1,5.965873995096959
