episode,reward
20,3.4250001907348633
21,6.425000190734863
22,6.425000190734863
23,3.4250001907348633
24,6.425000190734863
25,6.425000190734863
26,3.4250001907348633
27,6.425000190734863
28,6.425000190734863
29,3.4250001907348633
30,6.425000190734863
31,6.425000190734863
32,3.4250001907348633
33,6.425000190734863
34,6.425000190734863
35,6.425000190734863
36,3.4250001907348633
37,6.425000190734863
38,6.425000190734863
39,3.4250001907348633
40,6.425000190734863
