episode,reward
0,1.7594037640957592
1,1.2307815441784669
2,3.043221661365374
3,0.8182025502200302
4,2.7940139650658615
5,1.8843129677399129
6,2.8449377267051665
7,3.101718623838408
8,3.0641580592973843
9,3.036265859542479
10,3.056670714775857
0,-0.39472526131240837
1,nan
2,nan
3,nan
4,nan
5,nan
6,nan
7,nan
8,nan
9,nan
10,nan
0,-0.39472526131240837
1,nan
