episode,reward
0,-141.95965598580108
0,-43.49067008857124
0,-46.23658418751192
0,-174.1602655938536
