epoch,reward
0,0.7231859472405366
1,0.44745196836543044
2,0.39295787063087484
3,0.5644610347543498
4,0.3783379672356673
5,0.37417076595483495
6,0.3473341189704203
7,0.3304209668870584
8,0.4966423562614225
9,0.5895586192570325
10,0.4819712748458612
11,0.5932113702183326
12,0.3669893908531632
13,0.45250211993628286
14,0.3730150150121591
15,1.0957992248373
16,0.34677708180667666
17,0.3675950782331421
18,0.4291172497107755
19,0.3719533735488863
20,0.32165469953001913
